Workbook

Sheet 01 Executive Summary
A1: ="MAIN KE KUDUS - YOUTUBE MONTHLY PERFORMANCE REPORT - " & (UPPER(Ref!I2)) & " " & Ref!J2 -> MAIN KE KUDUS - YOUTUBE MONTHLY PERFORMANCE REPORT - SEPTEMBER 2026
A4: VIDEOS PUBLISHED | C4: TOTAL VIEWS | E4: WATCH TIME (HOURS) | G4: SUBSCRIBERS | I4: IMPRESSIONS | K4: DELIVERY
A5: =COUNTA('03 Publishing Log'!G9:G12) -> 4 | C5: =SUM('02 Video Performance'!F6:F9) -> 732 | E5: =SUM('02 Video Performance'!H6:H9) -> 12.154 | G5: =SUM('02 Video Performance'!L6:L9) -> 5 | I5: =SUM('02 Video Performance'!J6:J9) -> 6203 | K5: =A5/4 -> 1
A9: TOP PERFORMING CONTENT
A10: ='03 Publishing Log'!C9 -> Caffino Srikandi Merdeka Cup 2026 (Recap) | G10: VIEWS | I10: SHARE OF VIEWS | K10: SUBSCRIBERS
G11: =MAX('02 Video Performance'!F6:F9) -> 350 | I11: =G11/C5 -> 0.47814208 | K11: {=INDEX('02 Video Performance'!L6:L9,MATCH(G11,'02 Video Performance'!F6:F9,0))} -> 1
A15: WHAT THE DATA SAYS
A16: {=INDEX('02 Video Performance'!C6:C9,MATCH(MAX('02 Video Performance'!F6:F9),'02 Video Performance'!F6:F9,0)) & " drove " & TEXT(MAX('02 Video Performance'!F6:F9)/C5,"0.0%") & " of September video views and " & TEXT(INDEX('02 Video Performance'!H6:H9,MATCH(MAX('02 Video Performance'!F6:F9),'02 Video Performance'!F6:F9,0))/E5,"0.0%") & " of watch time."} -> Caffino Srikandi Merdeka Cup 2026 (Recap) drove 47.8% of September video views and 67.0% of watch time.
A17: {=INDEX('02 Video Performance'!C6:C9,MATCH(MAX('02 Video Performance'!K6:K9),'02 Video Performance'!K6:K9,0)) & " recorded the highest thumbnail CTR at " & TEXT(MAX('02 Video Performance'!K6:K9),"0.00%") & " among the four published videos."} -> Sapphire Boutique Hotel | Esthetic Staycation di Kudus recorded the highest thumbnail CTR at 8.21% among the four published videos.
A18: {=INDEX('02 Video Performance'!C6:C9,MATCH(MAX('02 Video Performance'!L6:L9),'02 Video Performance'!L6:L9,0)) & " generated the most subscribers (+" & MAX('02 Video Performance'!L6:L9) & "), accounting for " & TEXT(MAX('02 Video Performance'!L6:L9)/G5,"0%") & " of video-attributed subscriber gains."} -> Sapphire Boutique Hotel | Esthetic Staycation di Kudus generated the most subscribers (+4), accounting for 80% of video-attributed subscriber gains.
A21: PRODUCTION PERIOD | C21: LANDSCAPE VIDEOS PRODUCED | E21: YOUTUBE PUBLISHED | G21: =UPPER(Ref!I2) & " YOUTUBE PUBLISHED" -> SEPTEMBER YOUTUBE PUBLISHED | I21: REMAINING LANDSCAPE ASSETS | K21: REPORTING SCOPE
A22: 5–10 JUN 2026 | C22: 13 | E22: 5 | G22: 4 | I22: 4 | K22: YOUTUBE
A25: DELIVERY & PERFORMANCE SNAPSHOT
A40: Content Mix | B40: Published | C40: Share | H40: Category Mix | I40: Published | J40: Share
A41: Editorial Feature | B41: =COUNTIF('03 Publishing Log'!E9:E13, A41) -> 3 | C41: =B41/B44 -> 0.75 | H41: Event | I41: =COUNTIF('03 Publishing Log'!F9:F13, H41) -> 1 | J41: =I41/I45 -> 0.25
A42: Recap | B42: =COUNTIF('03 Publishing Log'!E9:E13, A42) -> 1 | C42: =B42/B44 -> 0.25 | H42: Accommodation | I42: =COUNTIF('03 Publishing Log'!F9:F13, H42) -> 1 | J42: =I42/I45 -> 0.25
A43: Teaser | B43: =COUNTIF('03 Publishing Log'!E9:E13, A43) -> 0 | C43: =B43/B44 -> 0 | H43: Profile | I43: =COUNTIF('03 Publishing Log'!F9:F13, H43) -> 1 | J43: =I43/I45 -> 0.25
A44: Total | B44: =SUM(B41:B43) -> 4 | C44: 1 | H44: Venue | I44: =COUNTIF('03 Publishing Log'!F9:F13, H44) -> 1 | J44: =I44/I45 -> 0.25
H45: Published | I45: =SUM(I41:I44) -> 4 | J45: 1
A47: =Ref!I2 & " performance covers " & COUNT('02 Video Performance'!K6:K999) & " published YouTube videos from a June production batch of 13 landscape video assets. " & CHOOSE(I22 + 1, "Zero", "One", "Two", "Three", "Four", "Five", "Six", "Seven", "Eight", "Nine", "Ten", "Eleven", "Twelve", "Thirteen", "Fourteen", "Fifteen") & " landscape assets remain in the content pipeline. Portrait video production is reported separately in the Monthly Social Media Report." -> September performance covers 4 published YouTube videos from a June production batch of 13 landscape video assets. Four landscape assets remain in the content pipeline. Portrait video production is reported separately in the Monthly Social Media Report.

Sheet 02 Video Performance
A1: VIDEO PERFORMANCE
A3: ="Detailed performance by video · " & Ref!I2 & " " & Ref!J2 -> Detailed performance by video · September 2026
A5: No. | B5: Publish Date | C5: Video | D5: Type | E5: Category | F5: Views | G5: Unique Viewers | H5: Watch Time (h) | I5: Avg View Duration | J5: Impressions | K5: CTR | L5: Subs Gained | M5: Share of Views
A6: {=SEQUENCE(4,1)} -> 1 | B6: 46274 | C6: Caffino Srikandi Merdeka Cup 2026 (Recap) | D6: Editorial Feature Video | E6: Event | F6: 350 | G6: 180 | H6: 8.1457 | I6: 0.0014814815 | J6: 2874 | K6: 0.0578 | L6: 1 | M6: =F6/SUM($F$6:$F$9) -> 0.47814208
A7: 2 | B7: 46276 | C7: Sapphire Boutique Hotel | Esthetic Staycation di Kudus | D7: Editorial Feature Video | E7: Accommodation | F7: 190 | G7: 66 | H7: 2.7188 | I7: 0.0010300926 | J7: 755 | K7: 0.0821 | L7: 4 | M7: =F7/SUM($F$6:$F$9) -> 0.25956284
A8: 3 | B8: 46287 | C8: Muhammad Daffa Nugraha | Perjalanan Bersama PB Sahabat | D8: Editorial Feature Video | E8: Profile | F8: 143 | G8: 24 | H8: 0.8022 | I8: 0.00056712963 | J8: 2045 | K8: 0.0142 | L8: 0 | M8: =F8/SUM($F$6:$F$9) -> 0.19535519
A9: 4 | B9: 46290 | C9: MARKASS Sport Center, Beragam Arena Olahraga di Satu Lokasi | D9: Editorial Feature Video | E9: Venue | F9: 49 | G9: 14 | H9: 0.4873 | I9: 0.00082175926 | J9: 529 | K9: 0.034 | L9: 0 | M9: =F9/SUM($F$6:$F$9) -> 0.066939891
A13: QUICK READ
A14: Highest Views | C14: {=INDEX($C$6:$C$10,MATCH(MAX($F$6:$F$10),$F$6:$F$10,0))} -> Caffino Srikandi Merdeka Cup 2026 (Recap) | M14: =MAX($F$6:$F$10) -> 350
A15: Highest CTR | C15: {=INDEX($C$6:$C$10,MATCH(MAX($K$6:$K$10),$K$6:$K$10,0))} -> Sapphire Boutique Hotel | Esthetic Staycation di Kudus | M15: =MAX($K$6:$K$10) -> 0.0821
A16: Highest Subscriber Gain | C16: {=INDEX($C$6:$C$10,MATCH(MAX($L$6:$L$10),$L$6:$L$10,0))} -> Sapphire Boutique Hotel | Esthetic Staycation di Kudus | M16: =MAX($L$6:$L$10) -> 4

Sheet 03 Publishing Log
A1: PUBLISHING LOG
A3: Main ke Kudus · Client-facing social media publishing record
A5: PUBLISHED | C5: MONTHLY QUOTA | D5: ACHIEVEMENT | F5: ADDITIONAL POST
A6: =COUNTA(G9:G18) -> 4 | C6: 4 | D6: =A6/C6 -> 1 | F6: 0
A8: No. | B8: Publish Date | C8: Video | E8: Format | F8: Category | G8: Status
A9: ='02 Video Performance'!A6 -> 1 | B9: ='02 Video Performance'!B6 -> 46274 | C9: ='02 Video Performance'!C6 -> Caffino Srikandi Merdeka Cup 2026 (Recap) | D9: https://www.youtube.com/watch?v=-qgU4zJuOpU | E9: Recap | F9: Event | G9: Published
A10: ='02 Video Performance'!A7 -> 2 | B10: ='02 Video Performance'!B7 -> 46276 | C10: ='02 Video Performance'!C7 -> Sapphire Boutique Hotel | Esthetic Staycation di Kudus | D10: https://www.youtube.com/watch?v=w6jFZhBhHpI | E10: Editorial Feature | F10: Accommodation | G10: Published
A11: ='02 Video Performance'!A8 -> 3 | B11: ='02 Video Performance'!B8 -> 46287 | C11: ='02 Video Performance'!C8 -> Muhammad Daffa Nugraha | Perjalanan Bersama PB Sahabat | D11: https://www.youtube.com/watch?v=0orgcuEEs4o | E11: Editorial Feature | F11: Profile | G11: Published
A12: ='02 Video Performance'!A9 -> 4 | B12: ='02 Video Performance'!B9 -> 46290 | C12: ='02 Video Performance'!C9 -> MARKASS Sport Center, Beragam Arena Olahraga di Satu Lokasi | D12: https://www.youtube.com/watch?v=Q__j3uXKwCA | E12: Editorial Feature | F12: Venue | G12: Published

Sheet 04 Metric Guide
A1: METRIC GUIDE
A3: How to read the YouTube analytics used in this report
A5: Metric | B5: Definition | C5: Why it matters
A6: Views | B6: Valid video views recorded by YouTube. | C6: Measures content consumption volume.
A7: Unique Viewers | B7: Estimated number of different viewers. | C7: Useful for reach; do not sum video-level uniques to estimate channel-wide unique viewers.
A8: Watch Time (hours) | B8: Total time viewers spent watching. | C8: Shows depth of consumption, not just clicks.
A9: Average View Duration | B9: Average time watched per view. | C9: Best interpreted with video duration or Average % Viewed.
A10: Impressions | B10: Times the thumbnail was shown on eligible YouTube surfaces. | C10: Shows how widely YouTube distributed the video packaging.
A11: CTR | B11: Percentage of impressions that resulted in a view. | C11: Useful for evaluating title + thumbnail effectiveness.
A12: Subscribers Gained | B12: Subscribers attributed to the video. | C12: Shows which videos helped grow the channel audience.
A15: REPORTING METHODOLOGY
A16: Data source: YouTube Studio analytics supplied for the July 2026 report.
A17: Coverage area: Kudus, Central Java, Indonesia.

Sheet 05 Youtube Studio Analytics
A1: YOUTUBE STUDIO ANALYTICS SCREENSHOTS

Sheet 06 Youtube Video List
A1: YOUTUBE PUBLISHED LIST SCREENSHOTS

Sheet Ref
A1: Type | B1: Admin | C1: Designer / Editor | D1: Status | E1: Mirror | F1: Categories | G1: Vendor | H1: Method | I1: Month | J1: Year
A2: Editorial Feature | B2: Lucky | C2: Helmi | D2: Draft | E2: - | F2: Accommodation | G2: Aksimaya | H2: Collab | I2: September | J2: 2026
A3: Recap | C3: Lucky | D3: Review | E3: Instagram | F3: Attraction | H3: Event
A4: Teaser | D4: Publish | E4: Tiktok | F4: Club | H4: Remote
D5: Published | F5: Community
F6: Culinary
F7: Event
F8: Hero
F9: Profile
F10: Sport Gears
F11: Venue
