Workbook

Sheet 01 Executive Summary
A1: ="MAIN KE KUDUS - NEWS MONTHLY PERFORMANCE REPORT - " & (UPPER(Ref!J2)) & " " & Ref!K2 -> MAIN KE KUDUS - NEWS MONTHLY PERFORMANCE REPORT - AUGUST 2026
A4: ARTICLES PUBLISHED | C4: TOTAL ARTICLE VIEWS | E4: MONTHLY QUOTA | G4: GA4 URL MATCH | I4: ACHIEVEMENT
A5: =COUNTA('03 Publishing Log'!C10:C190) -> 43 | C5: =SUM('02 Article Performance'!F7:F49) -> 1306 | E5: =Ref!$I$3 -> 60 | G5: =COUNTA('03 Publishing Log'!C10:C190) & " / " & (COUNTA('03 Publishing Log'!C10:C190)) -> 43 / 43 | I5: =A5/E5 -> 0.71666667
A9: TOP PERFORMING ARTICLE
A10: {=_xlfn.XLOOKUP(MAX('02 Article Performance'!F7:F49), '02 Article Performance'!F7:F49, '02 Article Performance'!C7:C49)} -> Horison IJ Menjadi Tempat Tinggal Timnas Putri U-16 Yordania di Kudus | G10: VIEWS | I10: AVG ENGAGEMENT
G11: =MAX('02 Article Performance'!F7:F49) -> 77 | I11: {=_xlfn.XLOOKUP(MAX('02 Article Performance'!F7:F49), '02 Article Performance'!F7:F49, '02 Article Performance'!I7:I49)} -> 0.00039287551
A15: WHAT THE DELIVERY SAYS
A16: ="All " & (COUNTA('03 Publishing Log'!C10:C190)) & " " & Ref!J2 & "-published URLs were matched successfully to GA4 page-path data." -> All 43 August-published URLs were matched successfully to GA4 page-path data.
A17: ="The " & Ref!J2 & " content cohort generated " & TEXT(SUM('02 Article Performance'!F7:F49), "#,##0") & " article views during 1–" & DAY(EOMONTH(Ref!J2 & " 1, " & Ref!K2, 0)) & " " & Ref!J2 & " " & Ref!K2 & "." -> The August content cohort generated 1,306 article views during 1–31 August 2026.
A18: {="The top-performing article was '" & (_xlfn.XLOOKUP(MAX('02 Article Performance'!F7:F49), '02 Article Performance'!F7:F49, '02 Article Performance'!C7:C49)) & "' with " & (MAX('02 Article Performance'!F7:F49)) & " views."} -> The top-performing article was 'Horison IJ Menjadi Tempat Tinggal Timnas Putri U-16 Yordania di Kudus' with 77 views.
A19: {=LET( sortedData, SORT('02 Article Performance'!C7:I49, '02 Article Performance'!F7:F49, FALSE), titleTwo, INDEX(sortedData, 2, 1), viewsTwo, INDEX(sortedData, 2, 4), timeTwo, TEXT(INDEX(sortedData, 2, 7), "m:ss"), titleThree, INDEX(sortedData, 3, 1), viewsThree, INDEX(sortedData, 3, 4), timeThree, TEXT(INDEX(sortedData, 3, 7), "m:ss"), "'" & titleTwo & "' recorded " & viewsTwo & " views with " & timeTwo & " average engagement per active user, while " & titleThree & " reached " & viewsThree & " views with " & timeThree & " average engagement." )} -> 'Rodalink Kudus, One Stop Service untuk Semua Kebutuhan Pesepeda' recorded 76 views with 1:04 average engagement per active user, while Super Elite Karate Kudus Gembleng Atlet dari Dojo hingga Podium reached 74 views with 2:02 average engagement.
A22: CONTENT BREAKDOWN
A37: Content Type | B37: Published | C37: Share of Published | G37: Category | H37: Articles | I37: Share of Quota
A38: Editorial | B38: =COUNTIF('03 Publishing Log'!$G$7:$G$59,A38) -> 13 | C38: =B38/B41 -> 0.30232558 | G38: Akomodasi | H38: =COUNTIF('03 Publishing Log'!$F$10:$F$190,G38) -> 4 | I38: =H38/$H$49 -> 0.066666667
A39: Features | B39: =COUNTIF('03 Publishing Log'!$G$7:$G$59,A39) -> 27 | C39: =B39/B41 -> 0.62790698 | G39: Arena | H39: =COUNTIF('03 Publishing Log'!$F$10:$F$190,G39) -> 2 | I39: =H39/$H$49 -> 0.033333333
A40: Hard News | B40: =COUNTIF('03 Publishing Log'!$G$7:$G$59,A40) -> 3 | C40: =B40/B41 -> 0.069767442 | G40: Atlet | H40: =COUNTIF('03 Publishing Log'!$F$10:$F$190,G40) -> 0 | I40: =H40/$H$49 -> 0
A41: Published Total | B41: =SUM(B38:B40) -> 43 | C41: =1 -> 1 | G41: Atraksi | H41: =COUNTIF('03 Publishing Log'!$F$10:$F$190,G41) -> 3 | I41: =H41/$H$49 -> 0.05
G42: Kegiatan | H42: =COUNTIF('03 Publishing Log'!$F$10:$F$190,G42) -> 21 | I42: =H42/$H$49 -> 0.35
G43: Kesehatan | H43: =COUNTIF('03 Publishing Log'!$F$10:$F$190,G43) -> 0 | I43: =H43/$H$49 -> 0
G44: Komunitas | H44: =COUNTIF('03 Publishing Log'!$F$10:$F$190,G44) -> 3 | I44: =H44/$H$49 -> 0.05
G45: Kuliner | H45: =COUNTIF('03 Publishing Log'!$F$10:$F$190,G45) -> 6 | I45: =H45/$H$49 -> 0.1
G46: Perlengkapan | H46: =COUNTIF('03 Publishing Log'!$F$10:$F$190,G46) -> 3 | I46: =H46/$H$49 -> 0.05
G47: Profil | H47: =COUNTIF('03 Publishing Log'!$F$10:$F$190,G47) -> 0 | I47: =H47/$H$49 -> 0
G48: Unpublished | H48: =MAX(Ref!$I$3-COUNTA('03 Publishing Log'!$C$10:$C$190),0) -> 17 | I48: =H48/$H$49 -> 0.28333333
G49: Monthly Quota | H49: =Ref!$I$3 -> 60 | I49: =H49/$H$49 -> 1
A52: ="GA4 readership performance is based on exact URL matching between the " & Ref!J2 & " Publishing Log and the Pages and screens export for 1–" & DAY(EOMONTH(Ref!J2 & " 1, " & Ref!K2, 0)) & " " & Ref!J2 & " " & Ref!K2 & ". All " & (COUNTA('03 Publishing Log'!C10:C190)) & " published URLs matched. Google Search Console metrics can be added separately to evaluate organic search discovery." -> GA4 readership performance is based on exact URL matching between the August Publishing Log and the Pages and screens export for 1–31 August 2026. All 43 published URLs matched. Google Search Console metrics can be added separately to evaluate organic search discovery.

Sheet 02 Article Performance
A1: NEWS ARTICLE PERFORMANCE
A3: ="Detailed performance by article · " & Ref!J2 & " " & Ref!K2 -> Detailed performance by article · August 2026
A4: ="GA4 Pages and screens · Exact URL match against the August Publishing Log · Reporting period: 1-"& DAY(EOMONTH(Ref!J2 & " 1, " & Ref!K2, 0)) & " " & Ref!J2 & " " & Ref!K2 & ". · Match rate: " & (COUNTA('03 Publishing Log'!C10:C190) & " / " & (COUNTA('03 Publishing Log'!C10:C190)) & "") -> GA4 Pages and screens · Exact URL match against the August Publishing Log · Reporting period: 1-31 August 2026. · Match rate: 43 / 43
A6: No. | B6: Publish Date | C6: Headline | D6: Type | E6: Category | F6: Views | G6: Active Users | H6: Views / User | I6: Avg Engagement | J6: GA4 Match | K6: Article URL
A7: {=SEQUENCE(43,1)} -> 1 | B7: 46236 | C7: Muria Trail Run 2026, Berlari dengan Konsep Wisata Olahraga Ramah Lingkungan | D7: Features | E7: Kegiatan | F7: 28 | G7: 15 | H7: 1.8666667 | I7: 0.00088117284 | J7: Matched | K7: https://mainkekudus.com/news/muria-trail-run-2026-berlari-dengan-konsep-wisata-olahraga-ramah-lingkungan
A8: 2 | B8: 46238 | C8: Supersoccer Euro Futsal Championship 2026 - City Playoff Kudus Perkuat Persaingan Antar Kota di Kudus | D8: Features | E8: Kegiatan | F8: 35 | G8: 26 | H8: 1.3461538 | I8: 0.00047631766 | J8: Matched | K8: https://mainkekudus.com/news/supersoccer-euro-futsal-championship-2026-city-playoff-kudus-perkuat-persaingan-antar-kota-di-kudus
A9: 3 | B9: 46238 | C9: Ajang Tanding Tahunan Komunitas Futsal di Kudus dan Daerah Sekitarnya | D9: Features | E9: Kegiatan | F9: 27 | G9: 23 | H9: 1.173913 | I9: 8.5547504e-05 | J9: Matched | K9: https://mainkekudus.com/news/ajang-tanding-tahunan-komunitas-futsal-di-kudus-dan-daerah-sekitarnya
A10: 4 | B10: 46238 | C10: Peran Pelatih Panahan Membentuk Karakter Atlet Sejak Dini | D10: Features | E10: Pelatih | F10: 45 | G10: 24 | H10: 1.875 | I10: 0.0011048418 | J10: Matched | K10: https://mainkekudus.com/news/peran-pelatih-panahan-membentuk-karakter-atlet-sejak-dini
A11: 5 | B11: 46238 | C11: Street Coffee, Tren Ngopi Pinggir Jalan Menambah Khas Kuliner Malam Kudus | D11: Features | E11: Kuliner | F11: 54 | G11: 36 | H11: 1.5 | I11: 0.0002813143 | J11: Matched | K11: https://mainkekudus.com/news/street-coffee-tren-ngopi-pinggir-jalan-menambah-khas-kuliner-malam-kudus
A12: 6 | B12: 46238 | C12: Rank Sport Kudus Lengkapi Kebutuhan Olahraga di Kota yang Semakin Aktif | D12: Editorial | E12: Perlengkapan | F12: 51 | G12: 22 | H12: 2.3181818 | I12: 0.00080650253 | J12: Matched | K12: https://mainkekudus.com/gears/rank-sport-kudus
A13: 7 | B13: 46240 | C13: Muria Trail Run Berikan Pengalaman yang Bikin Pelari Ingin Balik Lagi dan Lagi | D13: Features | E13: Kegiatan | F13: 25 | G13: 15 | H13: 1.6666667 | I13: 0.00035725309 | J13: Matched | K13: https://mainkekudus.com/news/muria-trail-run-berikan-pengalaman-yang-bikin-pelari-ingin-balik-lagi-dan-lagi
A14: 8 | B14: 46240 | C14: 10 Fakta Tentang Kudus yang Membuatnya Unik dan Berbeda dengan Daerah Lainnya | D14: Features | E14: Atraksi | F14: 56 | G14: 24 | H14: 2.3333333 | I14: 0.0015398341 | J14: Matched | K14: https://mainkekudus.com/news/10-fakta-tentang-kudus-yang-membuatnya-unik-dan-berbeda-dengan-daerah-lainnya
A15: 9 | B15: 46241 | C15: 7 Kuliner Khas yang Wajib Dicoba Saat Berkunjung ke Kudus | D15: Features | E15: Kuliner | F15: 63 | G15: 18 | H15: 3.5 | I15: 0.00064879115 | J15: Matched | K15: https://mainkekudus.com/news/7-kuliner-khas-yang-wajib-dicoba-saat-berkunjung-ke-kudus
A16: 10 | B16: 46243 | C16: HYDROPLUS Bupati Cup XX 2026 Menambah Jam Terbang Atlet Bulu Tangkis Kudus | D16: Features | E16: Kegiatan | F16: 22 | G16: 13 | H16: 1.6923077 | I16: 0.00060363248 | J16: Matched | K16: https://mainkekudus.com/news/hydroplus-bupati-cup-xx-2026-menambah-jam-terbang-atlet-bulu-tangkis-kudus
A17: 11 | B17: 46243 | C17: Super Elite Karate Kudus Gembleng Atlet dari Dojo hingga Podium | D17: Features | E17: Komunitas | F17: 74 | G17: 31 | H17: 2.3870968 | I17: 0.0014150239 | J17: Matched | K17: https://mainkekudus.com/communities/super-elite-karate-kudus
A18: 12 | B18: 46245 | C18: Rodalink Kudus, One Stop Service untuk Semua Kebutuhan Pesepeda | D18: Editorial | E18: Perlengkapan | F18: 76 | G18: 47 | H18: 1.6170213 | I18: 0.000740987 | J18: Matched | K18: https://mainkekudus.com/gears/rodalink
A19: 13 | B19: 46245 | C19: PB Djarum Melahirkan Legenda Bulu Tangkis Indonesia dan Regenerasi Atlet | D19: Editorial | E19: Komunitas | F19: 26 | G19: 14 | H19: 1.8571429 | I19: 0.00025297619 | J19: Matched | K19: https://mainkekudus.com/communities/pbdjarumofficial
... A49: 43 | B49: 46265 | C49: Geliat Kudus, Saat Turnamen Olahraga Menyulut Antusiasme dan Ekonomi Warga | D49: Features | E49: Kegiatan | F49: 4 | G49: 3 | H49: 1.3333333 | I49: 0.00060185185 | J49: Matched | K49: https://mainkekudus.com/news/geliat-kudus-saat-turnamen-olahraga-menyulut-antusiasme-dan-ekonomi-warga
A52: QUICK READ
A53: Highest Views | C53: {=_xlfn.XLOOKUP(MAX(F7:F49), F7:F49, C7:C49)} -> Horison IJ Menjadi Tempat Tinggal Timnas Putri U-16 Yordania di Kudus | E53: =MAX(F7:F49) -> 77
A54: Highest Active Users | C54: {=_xlfn.XLOOKUP(MAX(G7:G49), G7:G49, C7:C49)} -> Horison IJ Menjadi Tempat Tinggal Timnas Putri U-16 Yordania di Kudus | E54: =MAX(G7:G49) -> 54
A55: Highest Avg Engagement | C55: {=_xlfn.XLOOKUP(MAX(I7:I49), I7:I49, C7:C49)} -> GOR Djarum Tempat Atlet Masa Depan Bulu Tangkis Ditempa | E55: =MAX(I7:I49) -> 0.0017737269
A56: Total Article Views | E56: =SUM(F7:F49) -> 1306

Sheet 03 Publishing Log
A1: PUBLISHING LOG
A3: Main ke Kudus · Client-facing publishing record
A5: PUBLISHED | C5: MONTHLY QUOTA | E5: ACHIEVEMENT | G5: REMAINING QUOTA
A6: =COUNTA(C10:C190) -> 43 | C6: =Ref!$I$3 -> 60 | E6: =A6/C6 -> 0.71666667 | G6: =MAX(C6-A6,0) -> 17
A9: No. | B9: Publish Date | C9: Headline | D9: Article URL | E9: Reporter | F9: Category | G9: Type | H9: Status | I9: Method
A10: {=SEQUENCE(43,1)} -> 1 | B10: 46236 | C10: Muria Trail Run 2026, Berlari dengan Konsep Wisata Olahraga Ramah Lingkungan | D10: https://mainkekudus.com/news/muria-trail-run-2026-berlari-dengan-konsep-wisata-olahraga-ramah-lingkungan | E10: Fatur, Itun | F10: Kegiatan | G10: Features | H10: Publish | I10: Remote
A11: 2 | B11: 46238 | C11: Supersoccer Euro Futsal Championship 2026 - City Playoff Kudus Perkuat Persaingan Antar Kota di Kudus | D11: https://mainkekudus.com/news/supersoccer-euro-futsal-championship-2026-city-playoff-kudus-perkuat-persaingan-antar-kota-di-kudus | E11: Jemmy | F11: Kegiatan | G11: Features | H11: Publish | I11: Remote
A12: 3 | B12: 46238 | C12: Ajang Tanding Tahunan Komunitas Futsal di Kudus dan Daerah Sekitarnya | D12: https://mainkekudus.com/news/ajang-tanding-tahunan-komunitas-futsal-di-kudus-dan-daerah-sekitarnya | E12: Jemmy | F12: Kegiatan | G12: Features | H12: Publish | I12: Remote
A13: 4 | B13: 46238 | C13: Peran Pelatih Panahan Membentuk Karakter Atlet Sejak Dini | D13: https://mainkekudus.com/news/peran-pelatih-panahan-membentuk-karakter-atlet-sejak-dini | E13: Fatur | F13: Pelatih | G13: Features | H13: Publish | I13: Remote
A14: 5 | B14: 46238 | C14: Street Coffee, Tren Ngopi Pinggir Jalan Menambah Khas Kuliner Malam Kudus | D14: https://mainkekudus.com/news/street-coffee-tren-ngopi-pinggir-jalan-menambah-khas-kuliner-malam-kudus | E14: Itun | F14: Kuliner | G14: Features | H14: Publish | I14: Remote
A15: 6 | B15: 46238 | C15: Rank Sport Kudus Lengkapi Kebutuhan Olahraga di Kota yang Semakin Aktif | D15: https://mainkekudus.com/gears/rank-sport-kudus | E15: Jemmy | F15: Perlengkapan | G15: Editorial | H15: Publish | I15: Remote
A16: 7 | B16: 46240 | C16: Muria Trail Run Berikan Pengalaman yang Bikin Pelari Ingin Balik Lagi dan Lagi | D16: https://mainkekudus.com/news/muria-trail-run-berikan-pengalaman-yang-bikin-pelari-ingin-balik-lagi-dan-lagi | E16: OEB | F16: Kegiatan | G16: Features | H16: Publish | I16: Remote
A17: 8 | B17: 46240 | C17: 10 Fakta Tentang Kudus yang Membuatnya Unik dan Berbeda dengan Daerah Lainnya | D17: https://mainkekudus.com/news/10-fakta-tentang-kudus-yang-membuatnya-unik-dan-berbeda-dengan-daerah-lainnya | E17: OEB | F17: Atraksi | G17: Features | H17: Publish | I17: Remote
A18: 9 | B18: 46241 | C18: 7 Kuliner Khas yang Wajib Dicoba Saat Berkunjung ke Kudus | D18: https://mainkekudus.com/news/7-kuliner-khas-yang-wajib-dicoba-saat-berkunjung-ke-kudus | E18: OEB | F18: Kuliner | G18: Features | H18: Publish | I18: Remote
A19: 10 | B19: 46243 | C19: HYDROPLUS Bupati Cup XX 2026 Menambah Jam Terbang Atlet Bulu Tangkis Kudus | D19: https://mainkekudus.com/news/hydroplus-bupati-cup-xx-2026-menambah-jam-terbang-atlet-bulu-tangkis-kudus | E19: Henri | F19: Kegiatan | G19: Features | H19: Publish | I19: Remote
A20: 11 | B20: 46243 | C20: Super Elite Karate Kudus Gembleng Atlet dari Dojo hingga Podium | D20: https://mainkekudus.com/communities/super-elite-karate-kudus | E20: Jemmy | F20: Komunitas | G20: Features | H20: Publish | I20: Remote
A21: 12 | B21: 46245 | C21: Rodalink Kudus, One Stop Service untuk Semua Kebutuhan Pesepeda | D21: https://mainkekudus.com/gears/rodalink | E21: Itun | F21: Perlengkapan | G21: Editorial | H21: Publish | I21: Remote
A22: 13 | B22: 46245 | C22: PB Djarum Melahirkan Legenda Bulu Tangkis Indonesia dan Regenerasi Atlet | D22: https://mainkekudus.com/communities/pbdjarumofficial | E22: Henri | F22: Komunitas | G22: Editorial | H22: Publish | I22: Remote
... A52: 43 | B52: 46265 | C52: Geliat Kudus, Saat Turnamen Olahraga Menyulut Antusiasme dan Ekonomi Warga | D52: https://mainkekudus.com/news/geliat-kudus-saat-turnamen-olahraga-menyulut-antusiasme-dan-ekonomi-warga | E52: OEB, YSR | F52: Kegiatan | G52: Features | H52: Publish | I52: Remote

Sheet 04 Metric Guide
A1: METRIC GUIDE
A3: How to read the editorial delivery metrics used in this report
A5: Metric | B5: Definition | C5: Why it matters
A6: Articles Published | B6: Number of July content items with Publish status. | C6: Measures completed editorial output.
A7: Total Article Views | B7: Sum of GA4 Views for the exact July-published URLs during 1–31 July 2026. | C7: Primary readership-volume metric for this monthly report.
A8: Views | B8: Number of page views recorded for an individual article/page. | C8: Shows how often the content page was viewed.
A9: Active Users | B9: Users who engaged with the specific page according to GA4. | C9: Useful per article; should not be summed across pages as a unique site-wide audience.
A10: Views / User | B10: Views divided by Active Users for the page. | C10: Shows repeat consumption at page level.
A11: Avg Engagement | B11: Average engagement time per active user for the page. | C11: Shows depth of attention, not just page opens.
A12: Monthly Quota | B12: Planned number of news/editorial items for the month. | C12: Provides the delivery target.
A13: Achievement | B13: Articles Published ÷ Monthly Quota. | C13: Shows how much of the monthly delivery target was completed.
A14: Content Type | B14: Editorial classification such as Features or Editorial. | C14: Shows the balance of story formats.
A15: Category Mix | B15: Distribution of published content across editorial categories. | C15: Shows breadth and concentration of coverage.
A18: REPORTING METHODOLOGY
A19: Data source: Google Analytics supplied for the July 2026 report.

Sheet Ref
A1: Category | B1: Reporter | C1: Status | D1: Method | E1: Type | F1: Contributor | H1: Report Settings | I1: Value | J1: Month | K1: Year
A2: Akomodasi | B2: Redaksi MKK | C2: Draft | D2: Event | E2: Hard News | F2: Dani | H2: Reporting Period | I2: 46235 | J2: August | K2: 2026
A3: Arena | B3: Dani | C3: Review | D3: Remote | E3: Features | F3: Fatur | H3: Monthly Quota | I3: 60
A4: Atlet | B4: FZ | C4: Publish | E4: Editorial | F4: Hasyim | H4: Coverage Area | I4: Kudus, Central Java, Indonesia
A5: Atraksi | B5: Hasyim | F5: Henri
A6: Kegiatan | B6: Henri | F6: Itun
A7: Kesehatan | B7: Itun | F7: Iwhan
A8: Komunitas | B8: Iwhan | F8: Jemmy
A9: Kuliner | B9: Jemmy | F9: Subur
A10: Olahraga | B10: Subur | F10: BRO
A11: Tentang Kudus | B11: BRO | F11: OEB
A12: Pelatih | B12: OEB
A13: Perlengkapan | B13: YSR
A14: Profil | B14: RND
B15: DV
B16: Fatur
